phase,infra_count,phase_cost,phase_material_cost,phase_labor_cost,phase_duration_parallel,beneficiaries_proxy,phase_cost_pct
0.0,3,21405.134968881317,18483.264358941567,2921.8706099397505,9.35143051607775,24,1.4688581641382188
1.0,108,592227.912178735,504296.6446373,87931.26754143495,38.171033649647,1928,40.639725238776656
2.0,41,323498.0521461921,273739.58488578204,49758.46726041005,37.66197147368913,167,22.199007652535215
3.0,28,292542.5414559605,246903.4884337872,45639.05302217325,32.2334229767792,78,20.074785839941292
4.0,17,227589.93251291872,191912.57028808034,35677.36222483838,43.263547233508376,25,15.617623104608624
